image,length,height
Candona_candida_540_r_ext_j_SLS20-M1.jpg,1553.1883337187412,870.0580416828649
Candona_candida_547_adult_l_ext_SLS20-M1.jpg,1596.2672082079491,964.3642318056445
Candona_candida_551_l_ext_j_SLS20-M1.jpg,1428.6308130514335,867.3115466083615
Candona_candida_555_r_ext_w_SLS20-M1.jpg,1200.1354090268314,673.3406863274485
Candona_candida_556_r_ext_w_SLS20-M1.jpg,1089.5145708066507,672.333367196422
Candona_candida_558_l_ext_j_SLS20-M1.jpg,1084.911977996372,680.017379255506
Candona_neglecta_536_r_ext_j_SLS20-M1.jpg,1097.736762616612,582.8829112681093
Candona_neglecta_538_l_ext_w_SLS20-M1.jpg,1594.9652033821928,853.8963716023135
Candona_neglecta_539_l_ext_j_SLS20-M1.jpg,1424.9564905638347,858.6206021742321
Candona_neglecta_542_l_ext_j_SLS20-M1.jpg,1118.0098389549173,642.5149180006156
Candona_neglecta_545_l_ext_j_SLS20-M1_x.jpg,1338.8670583743556,787.9161664346807
Candona_neglecta_549_l_ext_m_SLS20-M1.jpg,1580.0943009833306,901.462019775379
Candona_neglecta_553_r_ext_w_SLS20-M1.jpg,1590.6030303001437,863.6284313759835
Cypridopsis_vidua_559_dr_ext_w_SLS20-A12.jpg,1446.1538645662847,993.706849050247
Cypridopsis_vidua_560_dl_ext_w_SLS20-A12.jpg,1200.1054120367928,797.9590712575176
Cypridopsis_vidua_561_r_ext_w_SLS20-A12.jpg,1451.1326610616964,946.7342558431947
Cypridopsis_vidua_562_r_ext_w_SLS20-A12.jpg,1207.9292197806956,796.3107310001446
Cypridopsis_vidua_563_dr_ext_w_SLS20-A12.jpg,1162.8146885897168,804.7593560543501
Cypridopsis_vidua_564_dr_ext_j_SLS20-A12.jpg,1216.5808645544282,866.6805723482821
Cypridopsis_vidua_565_r_ext_j_SLS20-A12.jpg,1130.1844982125706,750.4376509688058
Cypridopsis_vidua_566_l_ext_j_SLS20-A12.jpg,1018.4939862365413,696.2377879326143
Cypridopsis_vidua_567_r_ext_j_SLS20-A12.jpg,1580.8874090206425,1019.5115672396092
Cypridopsis_vidua_568_l_ext_w_SLS20-A12.jpg,1186.66001870797,764.817206016738
Cypridopsis_vidua_569_l_ext_w_SLS20-A12.jpg,1397.91451813049,908.4239297395005
Cypridopsis_vidua_570_l_ext_j_SLS20-A12_x.jpg,1166.8050394131833,761.4999678496937
Cypridopsis_vidua_571_l_ext_j_SLS20-A12.jpg,1140.4113293018445,739.3981262148765
Cypridopsis_vidua_572_r_ext_j_SLS20-A12.jpg,1121.004014265783,731.6771301101984
Cypridopsis_vidua_573_l_ext_j_SLS20-A12.jpg,1185.6955764444767,779.5348303243688
Cypridopsis_vidua_574_r_ext_j_SLS20-A12.jpg,1495.3705226464776,1021.7420879047305
Cypridopsis_vidua_575_r_ext_j_SLS20-A12.jpg,1451.967630493187,940.6456255061871
Cypridopsis_vidua_576_l_ext_j_SLS20-A12.jpg,1129.9367238920947,727.445159202114
Cypridopsis_vidua_577_l_ext_j_SLS20-A12.jpg,1250.2519746035198,845.2536140445816
Cypridopsis_vidua_578_l_ext_j_SLS20-A12.jpg,1102.1311174265973,683.0022200603862
Cypridopsis_vidua_579_r_ext_j_SLS20-A12_x.jpg,1219.836464449231,813.0737430019486
Cypridopsis_vidua_580_r_ext_w_SLS20-A12.jpg,1230.0914600142544,810.1226879409862
Cypridopsis_vidua_581_r_ext_j_SLS20-A12.jpg,1296.0933608347818,823.8681195868868
Cypridopsis_vidua_582_r_ext_j_SLS20-A12.jpg,1270.0948783457084,822.7865632850428
Cypridopsis_vidua_583_l_ext_j_SLS20-A12.jpg,1337.4849531863902,850.9785454321939
Cypridopsis_vidua_584_r_ext_w_SLS20-A12.jpg,1202.308612628222,812.249858100265
Cypridopsis_vidua_585_r_ext_j_SLS20-A12.jpg,1229.2457036735984,815.5285774065147
Cypridopsis_vidua_586_l_ext_j_SLS20-A12.jpg,1352.9353273530853,858.7032776155789
Cypridopsis_vidua_587_l_ext_j_SLS20-A12.jpg,1592.616086820675,1026.9756870691226
Cypridopsis_vidua_588_r_ext_j_SLS20-A12.jpg,1466.926719369444,992.6289982814603
Cypridopsis_vidua_589_l_ext_j_SLS20-A12.jpg,1571.879448303845,1038.7138795928786
Cypridopsis_vidua_590_r_ext_j_SLS20-A12.jpg,1588.0434502871765,1040.3166233904026
Cypridopsis_vidua_591_l_ext_j_SLS20-A12_x.jpg,1376.7516115843118,905.7298277392547
Cypridopsis_vidua_592_r_ext_w_SLS20-A12.jpg,1245.73070926264,793.7678606199671
Cypridopsis_vidua_593_r_ext_j_SLS20-A12.jpg,1120.8144360240906,697.5043993662451
Cypridopsis_vidua_594_r_ext_j_SLS20-A12.jpg,1076.8625724761725,740.2290880693022
Cypridopsis_vidua_595_r_ext_j_SLS20-A12.jpg,1503.2301886271443,932.7586756892789
Cypridopsis_vidua_596_r_ext_j_SLS20-A12.jpg,1273.7601815098476,845.9119822090854
Cypridopsis_vidua_597_l_ext_w_SLS20-A12.jpg,1591.5558425641245,1041.5148219552423
Cypridopsis_vidua_598_l_ext_j_SLS20-A12.jpg,944.3992799658415,640.9714755626396
Cypridopsis_vidua_599_l_ext_j_SLS20-A12_x.jpg,1537.5467472568112,955.2997348669675
Cypridopsis_vidua_600_r_ext_j_SLS20-A12.jpg,1386.5208256640071,910.4616220931603
Cypridopsis_vidua_601_l_ext_j_SLS20-A12_x.jpg,1244.9457819519691,835.5785569785829
Cypridopsis_vidua_602_l_ext_w_SLS20-A12_x.jpg,1283.777628719242,934.556712284308
Cypridopsis_vidua_603_l_ext_j_SLS20-A12_x.jpg,1497.30224069825,948.0858048659578
Cypridopsis_vidua_604_l_ext_j_SLS20-A12.jpg,1269.3766186597263,862.1594126694486
Cypridopsis_vidua_605_l_ext_j_SLS20-A12_x.jpg,1583.4045598014425,1036.7615716641976
Cypridopsis_vidua_606_r_ext_w_SLS20-A12_x.jpg,1144.0882833068433,748.846057162375
Cypridopsis_vidua_607_l_ext_j_SLS20-A12_x.jpg,1542.2094539977377,1026.4993486431592
Cypridopsis_vidua_608_l_ext_j_SLS20-A12.jpg,1358.5598993051428,902.8817946322232
Cypridopsis_vidua_609_l_ext_j_SLS20-A12_x.jpg,1042.4595915430007,720.3396717646532
Cypridopsis_vidua_610_l_ext_j_SLS20-A12_x.jpg,1342.3579999389135,881.2291505349775
Cypridopsis_vidua_611_r_ext_j_SLS20-A12_x.jpg,1182.174690982682,672.6357839204059
Cypridopsis_vidua_612_l_ext_w_SLS20-A12.jpg,1129.8216673440106,743.4031620003103
Cypridopsis_vidua_613_r_ext_j_SLS20-A12_x.jpg,1260.928626053037,842.6638733121341
Cypridopsis_vidua_614_l_ext_j_SLS20-A12.jpg,1099.287951357605,724.8764975690889
Cypridopsis_vidua_615_l_ext_j_SLS20-A12.jpg,1138.4278633273168,751.5469601203935
Cypridopsis_vidua_616_r_ext_w_SLS20-A12.jpg,1467.204825510058,942.104316975288
Cypridopsis_vidua_617_r_ext_j_SLS20-A12_x.jpg,1475.248114725113,982.075479737156
Cypridopsis_vidua_618_r_ext_w_SLS20-A12_x.jpg,1566.162507532344,1172.7805966278804
Cypridopsis_vidua_619_l_ext_j_SLS20-A12_x.jpg,1495.9468573448723,933.0953122743186
Cypridopsis_vidua_620_l_ext_j_SLS20-A12_x.jpg,1440.1128428008687,970.0316242462425
Cypridopsis_vidua_622_r_ext_j_SLS20-A12.jpg,1317.4296945188385,848.609231028695
Cypridopsis_vidua_623_l_ext_w_SLS20-A12.jpg,1532.7158901766497,984.2215440371913
Cypridopsis_vidua_624_l_ext_w_SLS20-A12_x.jpg,1564.918528230783,985.8992478952048
Cypridopsis_vidua_625_l_ext_j_SLS20-A12_x.jpg,1508.9897282619256,982.3658652119686
Cypridopsis_vidua_627_r_ext_j_SLS20-A12.jpg,1226.449346691497,832.1860195476395
Cypridopsis_vidua_628_r_ext_j_SLS20-A12_x.jpg,1263.111238173424,866.7961830371084
Cypridopsis_vidua_629_r_ext_j_SLS20-A12.jpg,1441.9049899351899,931.7299054914746
Cypridopsis_vidua_630_r_ext_j_SLS20-A12.jpg,1176.0620731917172,753.1796324288082
Cypridopsis_vidua_631_l_ext_j_SLS20-A12_x.jpg,1124.393614353977,689.4996468344696
Cypridopsis_vidua_632_r_ext_w_SLS20-A12.jpg,1502.2150312122428,1001.7573840847715
Cypridopsis_vidua_633_r_ext_j_SLS20-A12.jpg,1114.3940057268794,705.9298560089384
Cypridopsis_vidua_634_l_ext_w_SLS20-A12.jpg,1142.6499901544655,740.5784862305966
Cypridopsis_vidua_635_l_ext_j_SLS20-A12.jpg,1346.1062365207288,867.1782124842898
Cypridopsis_vidua_636_r_ext_j_SLS20-A12.jpg,1021.7108201443302,613.2449492034257
Cypridopsis_vidua_637_l_ext_j_SLS20-A12.jpg,1147.3190489135966,774.7409064999672
Cypridopsis_vidua_638_l_ext_j_SLS20-A12.jpg,1376.2041999645255,928.191470446702
Cypridopsis_vidua_639_l_ext_j_SLS20-A12.jpg,1211.056563501474,781.9576958998474
Cypridopsis_vidua_640_r_ext_j_SLS20-A12.jpg,1057.1305501214124,687.6132753107129
Cypridopsis_vidua_641_l_ext_w_SLS20-A12.jpg,1299.0866021940185,860.4784300847184
Cypridopsis_vidua_642_r_ext_j_SLS20-A12.jpg,1122.2927425587318,760.1706467912528
Cypridopsis_vidua_643_r_ext_w_SLS20-A12.jpg,1400.2303381943987,906.5644168493693
Cypridopsis_vidua_644_dr_ext_w_SLS20-A12.jpg,1314.6261826085772,905.744169523002
Cypridopsis_vidua_645_dr_ext_w_SLS20-A12.jpg,1495.069563598965,1002.4985034087927
Darwinula_stevensoni_319_l_ext_w_SLS20-T19.jpg,1432.2855860476989,613.3043637086118
Darwinula_stevensoni_320_r_ext_j_SLS20-T19_x.jpg,1585.0684527805101,708.2217793375308
Darwinula_stevensoni_321_r_ext_w_SLS20-T19.jpg,1229.2457036735984,541.22052085419
Darwinula_stevensoni_322_l_ext_w_SLS20-T19.jpg,1659.432734400524,746.9305469906658
Darwinula_stevensoni_323_l_ext_w_SLS20-T19_x.jpg,1464.626232183488,606.9384669389385
Darwinula_stevensoni_324_r_ext_j_SLS20-T19_x.jpg,1236.7513897303693,583.7575813497963
Darwinula_stevensoni_325_l_ext_w_SLS20-T19.jpg,1678.6000119146909,692.3739972301786
Darwinula_stevensoni_326_r_ext_w_SLS20-T19_x.jpg,1698.5137620873138,738.6498879221357
Darwinula_stevensoni_327_l_ext_j_SLS20-T19.jpg,1591.7804496851945,678.5690829496095
Darwinula_stevensoni_328_r_ext_w_SLS20-T19_x.jpg,1651.9739707392487,722.1590782487599
Darwinula_stevensoni_329_r_ext_j_SLS20-T19.jpg,1254.6242465375838,582.9657780155852
Darwinula_stevensoni_330_r_ext_j_SLS20-T19.jpg,1204.9771782071227,526.0730339666551
Darwinula_stevensoni_331_r_ext_j_SLS20-T19_x.jpg,1377.2773867307922,612.9767381166029
Darwinula_stevensoni_332_l_ext_j_SLS20-T19_x.jpg,1327.0859052826988,657.3033415000979
Darwinula_stevensoni_333_r_ext_w_SLS20-T19_x.jpg,1155.3397768622008,477.83865063432825
Darwinula_stevensoni_334_l_ext_j_SLS20-T19.jpg,1271.3099543384376,593.6829153459735
Darwinula_stevensoni_335_r_ext_j_SLS20-T19_x.jpg,1159.4559068804645,651.5832085694722
Darwinula_stevensoni_336_l_ext_j_SLS20-T19_x.jpg,1480.776147835992,648.8354106757355
Darwinula_stevensoni_337_r_ext_j_SLS20-T19_x.jpg,1512.7623739371627,757.9048895934694
Darwinula_stevensoni_338_r_ext_j_SLS20-T19_x.jpg,1523.5038562471707,692.5719260068719
Darwinula_stevensoni_339_l_ext_j_SLS20-T19_x.jpg,1327.045590776745,587.421415976917
Darwinula_stevensoni_340_l_ext_j_SLS20-T19.jpg,1113.596426000012,499.0326720032001
Darwinula_stevensoni_341_r_ext_j_SLS20-T17.jpg,1559.900637861271,714.61090081248
Darwinula_stevensoni_342_r_ext_j_SLS20-T17_x.jpg,1566.0092592318858,884.0184001715478
Darwinula_stevensoni_343_r_ext_j_SLS20-T17.jpg,1577.0304372459018,714.4472125520024
Darwinula_stevensoni_344_r_ext_j_SLS20-T17.jpg,1601.5273959567473,728.9054205049183
Darwinula_stevensoni_345_l_ext_j_SLS20-T17.jpg,1321.407204460457,577.9406964197868
Darwinula_stevensoni_346_l_ext_j_SLS20-T17_x.jpg,1154.283327437419,503.4024023287329
Darwinula_stevensoni_347_r_ext_j_SLS20-T18_x.jpg,1513.7377580016955,667.7722047010374
Darwinula_stevensoni_348_dr_ext_j_SLS20-T18.jpg,1473.9840569015664,650.1420388592412
Darwinula_stevensoni_349_r_ext_j_SLS20-T18.jpg,1475.567009661032,646.1265356014001
Darwinula_stevensoni_350_l_ext_w_SLS20-T18_x.jpg,1598.9352707348726,689.6001484120312
Darwinula_stevensoni_351_l_ext_j_SLS20-T18_x.jpg,1221.2080084899542,583.4968285878724
Darwinula_stevensoni_352_r_ext_w_SLS20-T18.jpg,1488.2506509321606,653.0539727237789
Darwinula_stevensoni_353_l_ext_j_SLS20-T18_x.jpg,1615.7951602848673,668.3402862833253
Darwinula_stevensoni_354_r_ext_j_SLS20-T18.jpg,1369.2282497816059,648.9275985517551
Darwinula_stevensoni_355_l_ext_j_SLS20-T18.jpg,1534.4109619003639,661.4166772786001
Darwinula_stevensoni_356_r_ext_j_SLS20-T18.jpg,1605.6307171949595,737.0187847846905
Darwinula_stevensoni_357_l_ext_j_SLS20-T18.jpg,1290.7153055573488,578.9510644079038
Darwinula_stevensoni_358_l_ext_w_SLS20-T18.jpg,1205.6873558265427,525.3393402021576
Darwinula_stevensoni_359_l_ext_w_SLS20-T18_x.jpg,1127.3566427710443,667.4808764601596
Darwinula_stevensoni_360_dl_ext_w_SLS20-T18.jpg,1712.1358006887187,707.9561092714829
Darwinula_stevensoni_361_l_ext_w_SLS20-T18.jpg,1463.620169306231,630.6198967164441
Darwinula_stevensoni_362_l_ext_w_SLS20-T18.jpg,1595.509323068969,678.5074736621918
Darwinula_stevensoni_363_l_ext_j_SLS20-T18.jpg,1168.2850679521673,524.0981133767852
Darwinula_stevensoni_364_l_ext_w_SLS20-T18.jpg,1624.9855383971883,678.4041912688984
Darwinula_stevensoni_365_l_ext_j_SLS20-T18.jpg,1211.30714519481,487.6558372030406
Darwinula_stevensoni_366_r_ext_j_SLS20-T18_x.jpg,1160.6248317178122,647.8131256998687
Darwinula_stevensoni_367_l_ext_w_SLS20-T18_x.jpg,1590.5577638048862,673.2518770260523
Darwinula_stevensoni_368_r_ext_j_SLS20-T18_x.jpg,1132.205811679131,471.7896644672783
Darwinula_stevensoni_369_l_ext_j_SLS20-T18_x.jpg,1382.0293050438547,702.1175285202862
Darwinula_stevensoni_370_l_ext_w_SLS20-T18.jpg,1083.9049773850104,440.700993137266
Darwinula_stevensoni_371_r_ext_w_SLS20-T18_x.jpg,1102.2966932727322,503.9695785992449
Darwinula_stevensoni_372_r_ext_j_SLS20-T18_x.jpg,1397.372534437399,668.9554696138027
Darwinula_stevensoni_373_r_ext_j_SLS20-T18.jpg,1604.2808357641127,741.9118731996172
Darwinula_stevensoni_374_l_ext_j_SLS20-T18.jpg,1127.727804037836,548.3433127975381
Darwinula_stevensoni_375_r_ext_j_SLS20-T18.jpg,1721.7261687039552,746.7685764269041
Darwinula_stevensoni_376_l_ext_j_SLS20-T18.jpg,1150.2717070327342,493.9815493382643
Darwinula_stevensoni_377_r_ext_w_SLS20-T18.jpg,1522.3629659184435,664.7212410277542
Darwinula_stevensoni_378_r_ext_j_SLS20-T18_x.jpg,1561.7122013994767,800.8037581311665
Darwinula_stevensoni_379_l_ext_j_SLS20-T18_x.jpg,1266.309993642947,515.459092384014
Darwinula_stevensoni_380_r_ext_j_SLS20-T18.jpg,1530.836699324915,671.2936791057988
Darwinula_stevensoni_381_l_ext_w_SLS20-T18_x.jpg,1107.614553894991,493.5092249174463
Darwinula_stevensoni_382_l_ext_w_SLS20-T18_x.jpg,1608.3761997741697,661.8196664122853
Darwinula_stevensoni_384_r_ext_j_SLS20-T18_x.jpg,1627.2953020272626,736.2265462866359
Darwinula_stevensoni_385_r_ext_w_SLS20-T18_x.jpg,1158.1165744431776,636.6302117336417
Darwinula_stevensoni_386_r_ext_w_SLS20-T21.jpg,1350.4880599250037,596.7412996193048
Darwinula_stevensoni_387_r_ext_j_SLS20-T21.jpg,1545.450743310831,680.3070266397601
Darwinula_stevensoni_388_l_ext_j_SLS20-T21.jpg,1585.108829071367,708.5418864633892
Darwinula_stevensoni_389_l_ext_j_SLS20-T21.jpg,1640.283512079543,757.7610765740143
Darwinula_stevensoni_390_r_ext_j_SLS20-T21.jpg,1127.90513785513,567.9360599581529
Darwinula_stevensoni_391_l_ext_w_SLS20-T21_x.jpg,1602.7529441557735,807.6959114131456
Darwinula_stevensoni_392_l_ext_j_SLS20-T21_x.jpg,1103.1377973761937,480.7277941716227
Darwinula_stevensoni_393_r_ext_j_SLS20-T21.jpg,1552.5855854026213,625.4070687821037
Darwinula_stevensoni_394_l_ext_j_SLS20-T21_x.jpg,1464.2329049710636,645.2402461332958
Darwinula_stevensoni_395_l_ext_w_SLS20-T21.jpg,1097.0291700770767,451.5148853928822
Darwinula_stevensoni_396_l_ext_w_SLS20-T21.jpg,1519.4137027156232,663.3900946124695
Darwinula_stevensoni_397_r_ext_j_SLS20-T21.jpg,1618.623180360395,769.7733574546844
Darwinula_stevensoni_398_r_ext_j_SLS20-M1_x.jpg,1168.3124582062796,663.1761859233723
Darwinula_stevensoni_399_r_ext_j_SLS20-M1_x.jpg,1525.5982433130946,659.7837959055812
Darwinula_stevensoni_400_adult_r_ext_w_SLS20-M1_x.jpg,1214.2310323822235,613.5265696005503
Darwinula_stevensoni_401_dl_ext_w_SLS20-M1.jpg,1150.6054927732616,478.4724246996863
Darwinula_stevensoni_402_l_ext_j_SLS20-M1.jpg,1123.9951067509146,493.0119327670719
Darwinula_stevensoni_403_l_ext_j_SLS20-M1.jpg,1222.734640058913,520.327125081977
Darwinula_stevensoni_404_l_ext_w_SLS20-M1_x.jpg,1446.4359647077363,602.3280817523356
Darwinula_stevensoni_405_l_ext_w_SLS20-M1_x.jpg,1210.6370223977128,507.64348737891436
Darwinula_stevensoni_406_r_ext_w_SLS20-M1_x.jpg,1109.638679931445,507.01549087560505
Darwinula_stevensoni_407_l_ext_j_SLS20-M1.jpg,1190.0340331267842,508.0115216634248
Darwinula_stevensoni_408_adult_l_ext_w_SLS20-M1_x.jpg,985.1263878305159,417.79410752197765
Darwinula_stevensoni_409_l_ext_j_SLS20-M1_x.jpg,1119.151911046932,593.8755886841603
Darwinula_stevensoni_410_l_ext_j_SLS20-M1.jpg,1503.9175509315662,638.2171678264278
Darwinula_stevensoni_411_r_ext_j_SLS20-M1_x.jpg,1132.4190920326273,725.8001969259622
Darwinula_stevensoni_412_r_ext_j_SLS20-M1.jpg,1360.9415858147622,609.7969293099093
Darwinula_stevensoni_413_r_ext_j_SLS20-M1.jpg,1258.2686517592338,573.0191235328999
Darwinula_stevensoni_414_l_ext_j_SLS20-M1.jpg,1473.6926409533298,647.8487938858037
Darwinula_stevensoni_415_l_ext_j_SLS20-M1_x.jpg,1138.2135124834883,554.4855978936163
Darwinula_stevensoni_416_r_ext_w_SLS20-M1.jpg,1449.3974610161285,626.5093077804798
Darwinula_stevensoni_417_r_ext_w_SLS20-M1_x.jpg,1428.9191719618013,637.4244379053988
Darwinula_stevensoni_418_r_ext_j_SLS20-M1_x.jpg,1241.6070231760127,582.2212556037721
Darwinula_stevensoni_419_r_ext_j_SLS20-M1.jpg,1081.6034393436441,491.6330520571257
Darwinula_stevensoni_420_l_ext_j_SLS20-M1.jpg,1544.4720780901155,660.7526380547852
Darwinula_stevensoni_421_l_ext_j_SLS20-M1.jpg,1649.8778742682744,734.3119262917052
Darwinula_stevensoni_422_r_ext_j_SLS20-M1.jpg,1541.0908474194505,688.7776939155966
Darwinula_stevensoni_423_r_ext_j_SLS20-M1.jpg,1658.8749199382091,733.2511845108296
Darwinula_stevensoni_424_l_ext_j_SLS20-M1_x.jpg,1662.3940567747468,687.6985606036167
Darwinula_stevensoni_425_l_ext_j_SLS20-M1_x.jpg,1570.4588501453961,688.7229168085887
Darwinula_stevensoni_426_juv_l_ext_SLS20-M1_x.jpg,1064.2790987330345,511.3489503344204
Darwinula_stevensoni_427_l_ext_j_SLS20-M1.jpg,1550.781093513846,715.4098051880163
Darwinula_stevensoni_428_l_ext_w_SLS20-M1.jpg,1059.1793993464942,474.07927335993656
Darwinula_stevensoni_429_l_ext_j_SLS20-M1.jpg,1456.7944261288208,687.9845103906052
Darwinula_stevensoni_430_juv_l_ext_SLS20-M1_x.jpg,1170.2350191307728,612.7948559706048
Darwinula_stevensoni_431_juv_l_ext_SLS20-M1_f.jpg,1148.8729259583063,613.7623962300511
Darwinula_stevensoni_432_juv_l_ext_SLS20-M1_x.jpg,1313.9048671802689,689.3885719016255
Darwinula_stevensoni_433_juv_l_ext_SLS20-M1_x.jpg,1558.3083776967894,718.6324709716067
Darwinula_stevensoni_434_l_ext_j_SLS20-M1_x.jpg,1428.0259101290844,580.5763005553988
Darwinula_stevensoni_435_l_ext_w_SLS20-M1_x.jpg,1215.2254934784737,454.75099310018646
Darwinula_stevensoni_436_l_ext_j_SLS20-M1.jpg,1608.1448939694458,761.1571597747186
Darwinula_stevensoni_437_l_ext_j_SLS20-M1.jpg,1559.8237079875405,644.6145130703655
Darwinula_stevensoni_438_l_ext_j_SLS20-M1.jpg,1432.7110664750237,670.754224272448
Darwinula_stevensoni_439_l_ext_j_SLS20-M1.jpg,1196.7965574816799,545.8120646457485
Darwinula_stevensoni_440_r_ext_j_SLS20-M1.jpg,1576.2439532001383,702.3741456722519
Darwinula_stevensoni_441_l_ext_j_SLS20-M1.jpg,1245.2425466550683,637.0349311713114
Darwinula_stevensoni_442_dr_ext_j_SLS20-M1.jpg,1130.6679441816682,540.2045783141633
Darwinula_stevensoni_443_r_ext_j_SLS20-M1.jpg,1016.4890555239638,484.8797902166692
Darwinula_stevensoni_444_r_ext_j_SLS20-M1_x.jpg,1527.8079067736232,727.965207582079
Darwinula_stevensoni_445_r_ext_j_SLS20-M1_x.jpg,1498.4925758908516,634.1626346964416
Darwinula_stevensoni_446_r_ext_j_SLS20-M1.jpg,1546.3107708348928,800.35851999646
Darwinula_stevensoni_447_l_ext_j_SLS20-M1.jpg,1157.045375082585,553.9246893876171
Darwinula_stevensoni_448_l_ext_j_SLS20-A3_x.jpg,1248.7601851436489,709.3451653394144
Darwinula_stevensoni_449_l_ext_j_SLS20-A3.jpg,1281.413672472711,570.0438630332751
Darwinula_stevensoni_450_r_ext_j_SLS20-A3_x.jpg,1144.8689881379441,552.9409972311391
Darwinula_stevensoni_451_r_ext_j_SLS20-A3.jpg,1551.84052015663,702.3795202164106
Darwinula_stevensoni_452_r_ext_j_SLS20-A3.jpg,1227.2546597996684,553.9893408194364
Darwinula_stevensoni_453_l_ext_w_SLS20-A3_x.jpg,1142.3073141672517,485.65915066772715
Darwinula_stevensoni_454_l_ext_j_SLS20-A3_x.jpg,1480.9527338845085,660.3404535639041
Darwinula_stevensoni_455_l_ext_j_SLS20-A3.jpg,1569.0028680662124,713.9661901196255
Darwinula_stevensoni_456_r_ext_j_SLS20-A3.jpg,1370.0255472070585,603.4829070782604
Darwinula_stevensoni_457_l_ext_j_SLS20-A3.jpg,1545.6898136430866,673.2793286300993
Darwinula_stevensoni_458_r_ext_j_SLS20-A3_x.jpg,1524.9872130611457,717.9424133021249
Darwinula_stevensoni_459_r_ext_j_SLS20-A3_x.jpg,1276.760353394481,694.4741020839353
Darwinula_stevensoni_460_r_ext_w_SLS20-A3.jpg,1463.7393893723022,596.4962112377253
Darwinula_stevensoni_461_r_ext_j_SLS20-A3_x.jpg,1308.6622941003534,642.9641961820566
Darwinula_stevensoni_462_l_ext_j_SLS20-A3_x.jpg,1233.0101378334243,570.832289535552
Darwinula_stevensoni_463_r_ext_j_SLS20-A3_x.jpg,1614.9210507018602,751.04724127094
Darwinula_stevensoni_464_l_ext_j_SLS20-A3.jpg,1338.3938134943692,672.187805210432
Darwinula_stevensoni_465_dr_ext_j_SLS20-A3_x.jpg,1280.9722869757957,627.2134129433994
Darwinula_stevensoni_466_r_ext_j_SLS20-A3.jpg,1197.452713053839,611.883869828484
Darwinula_stevensoni_467_l_ext_j_SLS20-A3_x.jpg,1495.568453799424,696.7404249218994
Darwinula_stevensoni_468_l_ext_j_SLS20-A3.jpg,1212.2417250697156,579.6583185252005
Darwinula_stevensoni_469_l_ext_j_SLS20-A3_x.jpg,1174.0208686390545,607.0377614549095
Darwinula_stevensoni_470_l_ext_j_SLS20-A3_x.jpg,1492.2446180167647,605.0904718289669
Darwinula_stevensoni_471_l_ext_j_SLS20-A3_x.jpg,1464.2711497533508,642.1133136157034
Darwinula_stevensoni_472_r_ext_w_SLS20-A4.jpg,1445.3252229169739,645.6837431485196
Darwinula_stevensoni_473_l_ext_j_SLS20-A4.jpg,1597.739966327437,699.3146716910869
Darwinula_stevensoni_474_dl_ext_j_SLS20-A4_x.jpg,1061.11356602392,540.4793778567824
Darwinula_stevensoni_475_dl_ext_j_SLS20-A4.jpg,1213.1895977133995,511.28282106036835
Darwinula_stevensoni_476_l_ext_j_SLS20-A4.jpg,1511.0029781572239,761.5153753060779
Darwinula_stevensoni_477_r_ext_j_SLS20-A4_x.jpg,1284.2001401650757,746.5892348187695
Darwinula_stevensoni_478_r_ext_j_SLS20-A4_x.jpg,1504.3968891220163,739.4996679694475
Darwinula_stevensoni_479_r_ext_w_SLS20-A4_x.jpg,1204.7647073184041,488.51613632507764
Darwinula_stevensoni_480_r_ext_j_SLS20-A4.jpg,1437.907507456582,656.4358243525628
Darwinula_stevensoni_481_r_ext_j_SLS20-A4_x.jpg,1586.8021300716734,756.2165296222532
Darwinula_stevensoni_482_l_ext_j_SLS20-A4.jpg,1430.9902165982826,658.4496449178105
Darwinula_stevensoni_483_l_ext_j_SLS20-A4.jpg,1015.4851057499563,467.646445340314
Darwinula_stevensoni_484_l_ext_j_SLS20-A4.jpg,1133.4593067243306,496.0098670191913
Darwinula_stevensoni_485_l_ext_j_SLS20-A4.jpg,1280.9160784376156,630.9086236045383
Darwinula_stevensoni_486_l_ext_j_SLS20-A4.jpg,1182.9327960623968,533.4352062099014
Darwinula_stevensoni_487_l_ext_j_SLS20-A4.jpg,1265.229228242851,615.075104675521
Darwinula_stevensoni_488_l_ext_j_SLS20-A4_x.jpg,1489.1289400182914,723.3040545077107
Darwinula_stevensoni_489_r_ext_j_SLS20-A4.jpg,1228.2288060455185,570.2878784085781
Darwinula_stevensoni_490_r_ext_j_SLS20-A4_x.jpg,1154.7198794512892,610.2700858799294
Darwinula_stevensoni_491_l_ext_j_SLS20-A4_x.jpg,1228.1583774090375,765.3385892973868
Darwinula_stevensoni_492_l_ext_j_SLS20-A4.jpg,1060.0325466701483,542.8955948642914
Darwinula_stevensoni_493_l_ext_j_SLS20-A4.jpg,1500.8494261584005,602.6314060798684
Darwinula_stevensoni_494_r_ext_j_SLS20-A4_x.jpg,1235.8616427416137,585.8228582884892
Darwinula_stevensoni_495_l_ext_j_SLS20-A4.jpg,1584.6529588525054,715.2979418413483
Darwinula_stevensoni_496_r_ext_j_SLS20-A4.jpg,1257.3153940042253,552.0317362770371
Darwinula_stevensoni_497_r_ext_j_SLS20-A4.jpg,1245.2425466550683,609.8145313455501
Darwinula_stevensoni_498_l_ext_j_SLS20-A4_x.jpg,1419.2691781335914,760.5287401643257
Darwinula_stevensoni_499_r_ext_j_SLS20-A4.jpg,1240.1330573773123,612.4044476373734
Darwinula_stevensoni_500_l_ext_j_SLS20-A4.jpg,1073.6042101258731,495.1340493883457
Darwinula_stevensoni_501_r_ext_j_SLS20-A4.jpg,1136.3824180266079,497.085304241986
Darwinula_stevensoni_502_r_ext_j_SLS20-A4.jpg,1583.1225473727548,745.8784551831475
Darwinula_stevensoni_503_r_ext_j_SLS20-A4.jpg,1202.464552492089,593.4952498358116
Darwinula_stevensoni_504_l_ext_j_SLS20-A4.jpg,1177.1737339917163,586.2762479925129
Darwinula_stevensoni_505_l_ext_j_SLS20-A4.jpg,1445.1411695747927,718.0675645032852
Darwinula_stevensoni_506_l_ext_j_SLS20-A4.jpg,1668.935289338685,718.1302999919852
Darwinula_stevensoni_507_l_ext_j_SLS20-A4.jpg,1454.6511609317197,677.1231663329586
Darwinula_stevensoni_508_l_ext_j_SLS20-A4.jpg,1182.0837533779068,512.590582747218
Darwinula_stevensoni_509_l_ext_j_SLS20-A4.jpg,1374.4969989054177,635.5852364142664
Darwinula_stevensoni_510_l_ext_j_SLS20-A4.jpg,1545.0724902087927,648.2601990180066
Darwinula_stevensoni_511_l_ext_j_SLS20-A4_x.jpg,1529.4198246393958,851.3365519549195
Darwinula_stevensoni_512_r_ext_j_SLS20-A4_x.jpg,1116.9288249481253,563.7951012941639
Darwinula_stevensoni_513_l_ext_j_SLS20-A4.jpg,1461.4684396181808,642.8780632754981
Darwinula_stevensoni_514_r_ext_j_SLS20-A4.jpg,1125.9600348147353,555.8945083721269
Darwinula_stevensoni_515_l_ext_j_SLS20-A4.jpg,1495.535021321801,636.0967723505407
Darwinula_stevensoni_516_r_ext_j_SLS20-A4.jpg,1567.2479063632532,714.7631178524991
Darwinula_stevensoni_517_r_ext_j_SLS20-A4.jpg,1409.035485713543,657.6108333643327
Darwinula_stevensoni_518_r_ext_j_SLS20-A4_x.jpg,1607.1670728334375,681.8650148599536
Darwinula_stevensoni_519_r_ext_j_SLS20-A4.jpg,1041.9990403066597,503.5503678060793
Darwinula_stevensoni_520_r_ext_j_SLS20-A4_x.jpg,1371.8035573652664,786.1993025236255
Darwinula_stevensoni_521_r_ext_j_SLS20-A4.jpg,1509.3167328297927,727.9804007340238
Darwinula_stevensoni_522_l_ext_j_SLS20-A4_x.jpg,1530.2058685026666,804.6740803607452
Darwinula_stevensoni_523_r_ext_j_SLS20-A4.jpg,1549.6741592993026,718.7801340790554
Darwinula_stevensoni_524_l_ext_j_SLS20-A4.jpg,1147.4711325344965,495.9933055073088
Darwinula_stevensoni_525_l_ext_j_SLS20-A4_x.jpg,1588.7318842397542,789.2854750630569
Darwinula_stevensoni_526_r_ext_j_SLS20-A4.jpg,1570.9468482415311,755.2502500820339
Darwinula_stevensoni_527_adult_l_ext_w_SLS20-A4_x.jpg,1650.6292739437283,675.5005606655752
Darwinula_stevensoni_528_r_ext_j_SLS20-A4.jpg,1543.1169754752877,721.9750788217815
Darwinula_stevensoni_529_r_ext_j_SLS20-A4.jpg,1490.6927919594968,740.2658723193065
Darwinula_stevensoni_530_r_ext_j_SLS20-A4_x.jpg,1585.3949034861946,689.4805815234656
Darwinula_stevensoni_531_r_ext_j_SLS20-A4_x.jpg,1369.800715432723,594.5353881223014
Darwinula_stevensoni_532_r_ext_j_SLS20-A4.jpg,1121.6461117482643,526.8702791461484
Darwinula_stevensoni_533_r_ext_j_SLS20-A4.jpg,1578.146064215857,690.8441650118873
Darwinula_stevensoni_534_r_ext_j_SLS20-A4.jpg,1548.5922639610467,770.9434095623451
Fabaeformiscandona_fabaeformis_541_adult_l_ext_w_SLS20-M1_x_f.jpg,1182.5654315935335,573.4312722858965
Fabaeformiscandona_fabaeformis_550_adult_l_ext_m_SLS20-M1_f.jpg,1536.000325520799,825.9900593249072
Fabaeformiscandona_levanderi_537_adult_l_ext_w_SLS20-M1.jpg,1280.7536843593307,764.4662763470948
Fabaeformiscandona_levanderi_546_adult_r_ext_w_SLS20-M1_x.jpg,1189.2455591676598,721.0293899269566
Fabaeformiscandona_levanderi_552_adult_dr_ext_w_SLS20-M1.jpg,1245.5882144593372,619.944048150119
Herpetocypris_reptans_535_juv_l_ext_m_SLS20-M1_x.jpg,1504.8408553730856,697.558812449806
Limnocythere_inopinata_100_dr_ext_w_SLS20-T18_x.jpg,1094.9853880303608,593.2581449041112
Limnocythere_inopinata_101_r_ext_w_SLS20-T18.jpg,1117.6269502835014,610.7100404359998
Limnocythere_inopinata_102_r_ext_w_SLS20-T18.jpg,1565.7669047466804,842.9607216749404
Limnocythere_inopinata_103_juv_dr_ext_SLS20-T18.jpg,1067.6933080243596,607.0479182821781
Limnocythere_inopinata_104_r_ext_j_SLS20-T18.jpg,1157.3633828664185,663.1020225465161
Limnocythere_inopinata_105_r_ext_w_SLS20-T18.jpg,1104.00090579673,644.7739275053304
Limnocythere_inopinata_106_r_ext_w_SLS20-T18.jpg,1433.1789839374565,797.3344661115028
Limnocythere_inopinata_107_l_ext_w_SLS20-T18.jpg,1445.2698709929575,790.1105689108801
Limnocythere_inopinata_108_r_ext_w_SLS20-T18.jpg,1528.2319850075119,895.6408538938359
Limnocythere_inopinata_109_r_ext_w_SLS20-T18_x.jpg,1128.9220522250419,643.9744874919662
Limnocythere_inopinata_10_l_ext_w_SLS20-T21.jpg,1366.315117386908,786.9026598024102
Limnocythere_inopinata_110_r_ext_w_SLS20-T18.jpg,1188.377886027841,671.3176081276474
Limnocythere_inopinata_111_r_ext_w_SLS20-T18_x.jpg,1154.2135850872662,688.8612387454144
Limnocythere_inopinata_112_l_ext_w_SLS20-T18_x.jpg,1527.9352080503938,847.7879121935108
Limnocythere_inopinata_113_dr_ext_w_SLS20-T18_x.jpg,1397.302043224728,779.1665411777395
Limnocythere_inopinata_114_dl_ext_w_SLS20-T18.jpg,1262.950909576457,711.916031876114
Limnocythere_inopinata_115_l_ext_w_SLS20-T18_x.jpg,1175.6640676655895,654.1749647304547
Limnocythere_inopinata_116_r_ext_w_SLS20-T18_x.jpg,1031.365114787193,599.2087488120204
Limnocythere_inopinata_117_r_ext_w_SLS20-T18.jpg,1195.3250603915237,686.5638705267284
Limnocythere_inopinata_118_r_ext_w_SLS20-T18.jpg,1291.9976780164893,705.8201539495038
Limnocythere_inopinata_119_dr_ext_w_SLS20-T18_x.jpg,1515.037293270367,750.8224418321317
Limnocythere_inopinata_11_r_ext_w_SLS20-T21_x.jpg,1149.2628071942465,724.8063669907042
Limnocythere_inopinata_120_r_ext_w_SLS20-T18_x.jpg,1188.4653970562206,685.3493606271728
Limnocythere_inopinata_121_l_ext_w_SLS20-T18.jpg,1181.106684427787,654.685144191373
Limnocythere_inopinata_122_dl_ext_w_SLS20-T18.jpg,1136.5465234648339,644.4109280869764
Limnocythere_inopinata_123_l_ext_w_SLS20-T18_x.jpg,1561.7765525195978,906.1040119452314
Limnocythere_inopinata_124_juv_l_ext_SLS20-T18_x.jpg,1049.4045930907678,592.3558978993655
Limnocythere_inopinata_125_juv_l_ext_SLS20-T18_x_f.jpg,1177.8904872695084,656.0372193779274
Limnocythere_inopinata_126_l_ext_w_SLS20-T18_x.jpg,1216.7440158061186,658.5132037564697
Limnocythere_inopinata_127_r_ext_w_SLS20-T18.jpg,1125.27774349269,651.1841225310435
Limnocythere_inopinata_128_r_ext_w_SLS20-T18_x.jpg,1356.4383509765566,741.8951250349841
Limnocythere_inopinata_129_l_ext_w_SLS20-T18_x.jpg,1455.6022808445994,812.3400296638019
Limnocythere_inopinata_12_r_ext_w_SLS20-T21.jpg,1172.3011558469095,686.9668224614187
Limnocythere_inopinata_130_r_ext_w_SLS20-T18.jpg,1374.3962310774866,772.9146631660907
Limnocythere_inopinata_131_l_ext_w_SLS20-T18.jpg,1558.2945806233172,833.9623432946661
Limnocythere_inopinata_132_l_ext_w_SLS20-T18_x.jpg,1507.7841357435752,749.2617631521024
Limnocythere_inopinata_133_l_ext_w_SLS20-T18_x.jpg,1101.1312365018077,672.9270548658927
Limnocythere_inopinata_134_dl_ext_w_SLS20-T18.jpg,1142.6499901544655,645.9449580883676
Limnocythere_inopinata_135_l_ext_w_SLS20-T18.jpg,1313.8165777611425,690.5461655431648
Limnocythere_inopinata_136_l_ext_w_SLS20-T18.jpg,1116.9467310485313,597.8172292721337
Limnocythere_inopinata_137_dr_ext_w_SLS20-T18.jpg,1380.9685007269354,739.0023736694886
Limnocythere_inopinata_138_r_ext_w_SLS20-T18.jpg,1489.3146074621036,835.5769786751861
Limnocythere_inopinata_139_r_ext_w_SLS20-T18.jpg,1300.7647750458189,727.549683198228
Limnocythere_inopinata_13_l_ext_w_SLS20-T21.jpg,1125.3843787790906,598.2018345859306
Limnocythere_inopinata_140_l_ext_w_SLS20-T18.jpg,1167.556850864231,626.8054523069223
Limnocythere_inopinata_141_juv_l_ext_SLS20-T18_x_f.jpg,1520.9750162313646,891.3361399973029
Limnocythere_inopinata_142_r_ext_w_SLS20-T18.jpg,1138.52975367357,663.2308005685187
Limnocythere_inopinata_143_dr_ext_w_SLS20-T18.jpg,1380.6701271484076,779.8387021118373
Limnocythere_inopinata_144_r_ext_w_SLS20-T18.jpg,1165.2510459124248,683.5085047071124
Limnocythere_inopinata_145_r_ext_w_SLS20-T18.jpg,1176.4735441139337,644.3315311190618
Limnocythere_inopinata_146_r_ext_w_SLS20-T18.jpg,1318.8457074275216,753.0062041427817
Limnocythere_inopinata_147_r_ext_w_SLS20-T18_x.jpg,1116.8930118860983,687.2726320524973
Limnocythere_inopinata_148_l_ext_w_SLS20-T18_x.jpg,1229.8312892425529,665.2286432750262
Limnocythere_inopinata_149_juv_r_ext_SLS20-T18.jpg,1192.6315441073996,719.2783087437357
Limnocythere_inopinata_14_adult_r_ext_w_SLS20-T21.jpg,1422.8819346664009,856.5833680963523
Limnocythere_inopinata_150_juv_r_ext_SLS20-T18.jpg,975.771489642939,623.6890567715757
Limnocythere_inopinata_152_r_ext_w_SLS20-T18_x.jpg,1584.8362691458067,951.5544472065949
Limnocythere_inopinata_153_l_ext_j_SLS20-T18_x.jpg,1120.6074245693717,735.6269304719117
Limnocythere_inopinata_154_l_ext_w_SLS20-T18.jpg,1194.7091696308353,660.9700670867093
Limnocythere_inopinata_155_r_ext_w_SLS20-T18.jpg,1263.9956487266877,715.311797877481
Limnocythere_inopinata_156_dl_ext_w_SLS20-T18.jpg,1285.4952353081671,705.0994629184383
Limnocythere_inopinata_157_l_ext_w_SLS20-T18_x.jpg,1193.9870183548899,912.5702233356592
Limnocythere_inopinata_158_l_ext_w_SLS20-T18.jpg,1250.2499750049988,697.0566026178212
Limnocythere_inopinata_159_r_ext_w_SLS20-T18.jpg,1278.837753587217,834.3028636800675
Limnocythere_inopinata_15_r_ext_w_SLS20-T21_x.jpg,1382.4807412763478,766.4707133798602
Limnocythere_inopinata_160_l_ext_w_SLS20-T18.jpg,1355.5021209869058,744.8132941798276
Limnocythere_inopinata_161_juv_l_ext_SLS20-T18.jpg,1586.539000466109,887.756934803499
Limnocythere_inopinata_163_adult_l_ext_w_SLS20-T18.jpg,1253.1440459899252,675.9206993884642
Limnocythere_inopinata_164_juv_l_ext_SLS20-T18_x.jpg,1108.8958472282236,690.1279339379619
Limnocythere_inopinata_165_l_ext_w_SLS20-T18.jpg,1570.5811026495894,887.5205474256838
Limnocythere_inopinata_166_l_ext_w_SLS20-T18_x.jpg,1372.4088312161211,766.6192289565039
Limnocythere_inopinata_167_r_ext_j_SLS20-T18_x.jpg,1166.554756537386,645.4990610428902
Limnocythere_inopinata_168_l_ext_w_SLS20-T18_x.jpg,1570.2311931687002,1012.3942301719444
Limnocythere_inopinata_169_l_ext_w_SLS20-T18_x.jpg,1087.2028329617247,641.2584467801366
Limnocythere_inopinata_170_r_ext_j_SLS20-T18_x.jpg,1201.2801505061175,677.467283262045
Limnocythere_inopinata_171_r_ext_w_SLS20-T18_x.jpg,1384.0249275211772,819.9483820226469
Limnocythere_inopinata_172_r_ext_w_SLS20-T18.jpg,1592.616086820675,900.7085962968293
Limnocythere_inopinata_173_r_ext_w_SLS20-T18.jpg,1391.7190808492926,841.8164384762559
Limnocythere_inopinata_174_r_ext_w_SLS20-T18.jpg,1204.4027565561282,687.6943742376772
Limnocythere_inopinata_175_l_ext_w_SLS20-T18.jpg,1420.1256986619178,813.3160332837322
Limnocythere_inopinata_176_l_ext_w_SLS20-T18.jpg,1510.7299560146412,809.0823877117537
Limnocythere_inopinata_177_dl_ext_w_SLS20-T18.jpg,1317.9658569173937,764.8483416389302
Limnocythere_inopinata_178_r_ext_w_SLS20-T18.jpg,1148.6988291105724,804.6956927045177
Limnocythere_inopinata_179_l_ext_j_SLS20-T18.jpg,1165.2866600111752,815.2457524836763
Limnocythere_inopinata_17_l_ext_w_SLS20-T21.jpg,1180.4020501507102,748.5881610313877
Limnocythere_inopinata_180_juv_r_ext_SLS20-T18_x.jpg,1516.0794834044816,871.2003654544635
Limnocythere_inopinata_181_l_ext_w_SLS20-T18_x.jpg,1097.7039673791837,709.2859487962936
Limnocythere_inopinata_182_adult_r_ext_w_SLS20-T18.jpg,1110.6345033358184,635.995908535556
Limnocythere_inopinata_183_r_ext_w_SLS20-T18_x.jpg,1307.4146243636715,847.4274184742594
Limnocythere_inopinata_184_r_ext_w_SLS20-T18.jpg,1102.1116095931482,637.1859200895638
Limnocythere_inopinata_185_adult_l_ext_w_SLS20-T18.jpg,1031.938467157805,593.8348259153421
Limnocythere_inopinata_186_l_ext_j_SLS20-T18.jpg,1139.2953962866698,784.3935847653845
Limnocythere_inopinata_187_r_ext_w_SLS20-T18.jpg,1173.804924167555,701.7222223566193
Limnocythere_inopinata_188_r_ext_w_SLS20-T18_x.jpg,1138.4278633273168,671.2862752378686
Limnocythere_inopinata_189_l_ext_w_SLS20-T18_x.jpg,1141.0039439020359,828.9156273777123
Limnocythere_inopinata_190_juv_l_ext_SLS20-T18.jpg,1130.7846833062429,626.8611615143609
Limnocythere_inopinata_191_r_ext_w_SLS20-T18.jpg,1145.8036481003192,650.9623190994554
Limnocythere_inopinata_192_l_ext_w_SLS20-T18.jpg,1530.733810954733,849.1456781694094
Limnocythere_inopinata_193_dl_ext_w_SLS20-T18_x.jpg,1329.4769648248894,768.4969555937901
Limnocythere_inopinata_194_l_ext_j_SLS20-T18.jpg,1122.9625995553013,687.3951103141668
Limnocythere_inopinata_195_dr_ext_w_SLS20-T18_x.jpg,995.9889557620606,573.5666010100557
Limnocythere_inopinata_197_dl_ext_w_SLS20-T18.jpg,1129.887162507832,640.2789800658395
Limnocythere_inopinata_198_dl_ext_w_SLS20-T18_x.jpg,1363.8159699900864,784.2561045884913
Limnocythere_inopinata_199_l_ext_w_SLS20-T18_x.jpg,1446.2700301119428,877.8035730310584
Limnocythere_inopinata_19_l_ext_j_SLS20-T21.jpg,1042.8854203602618,624.3054004677587
Limnocythere_inopinata_1_l_ext_w_SLS20-T21.jpg,1359.2976127397562,788.3284646106105
Limnocythere_inopinata_200_r_ext_w_SLS20-T18_x.jpg,1545.0323621206126,879.9848037706429
Limnocythere_inopinata_201_dl_ext_w_SLS20-T18.jpg,1243.481001061134,714.6092294467738
Limnocythere_inopinata_202_dr_ext_w_SLS20-T18.jpg,1391.0747643458997,886.9897086949028
Limnocythere_inopinata_203_l_ext_w_SLS20-T18.jpg,1080.372620904473,632.4864095759231
Limnocythere_inopinata_204_l_ext_w_SLS20-T18.jpg,1090.6520985172128,621.7537204778027
Limnocythere_inopinata_205_l_ext_w_SLS20-T18.jpg,1220.2512036462,676.2369891824771
Limnocythere_inopinata_206_l_ext_w_SLS20-T18_x.jpg,1429.099366734168,852.0436215591021
Limnocythere_inopinata_207_l_ext_w_SLS20-T18.jpg,1539.1718552520379,875.0049550376337
Limnocythere_inopinata_208_r_ext_w_SLS20-T18_x.jpg,1377.0130718333794,769.9251529896044
Limnocythere_inopinata_209_l_ext_w_SLS20-T18_x.jpg,1259.0810140733597,709.7835564280301
Limnocythere_inopinata_20_r_ext_w_SLS20-T21.jpg,1369.9671528909005,791.9598639358053
Limnocythere_inopinata_210_l_ext_j_SLS20-T18_x.jpg,1062.2438514766748,658.0400526943872
Limnocythere_inopinata_211_r_ext_j_SLS20-T18_x.jpg,1432.1749194843485,812.2660047830232
Limnocythere_inopinata_212_l_ext_j_SLS20-T18_x.jpg,1159.531802064954,750.1674369352689
Limnocythere_inopinata_213_dr_ext_w_SLS20-T18.jpg,1223.4529006054954,695.8232716426452
Limnocythere_inopinata_214_r_ext_r_SLS20-T18_x.jpg,1030.853044812887,668.2581998145426
Limnocythere_inopinata_21_l_ext_j_SLS20-T21.jpg,940.9383614243815,540.2638693893382
Limnocythere_inopinata_22_r_ext_w_SLS20-T21.jpg,1207.3462635052133,730.5899116622326
Limnocythere_inopinata_232_l_ext_w_SLS20-T19_x.jpg,1352.599349400997,819.7216718247098
Limnocythere_inopinata_233_l_ext_w_SLS20-T19.jpg,1518.0230564783922,888.7117980471884
Limnocythere_inopinata_235_juv_r_ext_SLS20-T19_x_f.jpg,1427.5160244284475,838.3485575786516
Limnocythere_inopinata_236_l_ext_w_SLS20-T19_x.jpg,1125.917403720184,826.3998734948414
Limnocythere_inopinata_237_adult_l_ext_w_SLS20-T19_x_f.jpg,1407.6494592049542,822.7595247002271
Limnocythere_inopinata_238_l_ext_w_SLS20-T19.jpg,1147.047078371241,637.87704427873
Limnocythere_inopinata_239_juv_l_ext_SLS20-T19_x.jpg,1273.2215046880099,735.751789104086
Limnocythere_inopinata_23_r_ext_w_SLS20-T21_x.jpg,1137.4506582705028,696.4601006996875
Limnocythere_inopinata_240_r_ext_w_SLS20-T19.jpg,1522.7452183474425,918.89108114785
Limnocythere_inopinata_241_r_ext_j_SLS20-T19.jpg,1186.8824710138742,690.0329392348287
Limnocythere_inopinata_243_r_ext_w_SLS20-T19_x.jpg,1223.5497537901758,783.3289958426664
Limnocythere_inopinata_244_l_ext_w_SLS20-T19_x.jpg,1206.910932919244,692.0402966105921
Limnocythere_inopinata_246_r_ext_w_SLS20-T19_x.jpg,1157.741335532251,683.7770888054707
Limnocythere_inopinata_247_l_ext_w_SLS20-T19.jpg,1061.0339297119579,609.5761708351622
Limnocythere_inopinata_250_l_ext_w_SLS20-T19.jpg,1108.7876261935826,654.6853363542716
Limnocythere_inopinata_251_juv_r_ext_j_SLS20-T19_x.jpg,1106.7438728088807,704.4556732184731
Limnocythere_inopinata_252_r_ext_w_SLS20-T19_x.jpg,1524.842942732136,866.6295806388097
Limnocythere_inopinata_253_l_ext_w_SLS20-T19_x.jpg,1138.1783691495812,680.5523817666262
Limnocythere_inopinata_254_r_ext_w_SLS20-T19.jpg,1041.363049085188,607.4279287667084
Limnocythere_inopinata_257_r_ext_w_SLS20-T19.jpg,1267.266743823099,748.3104915537631
Limnocythere_inopinata_259_r_ext_w_SLS20-T19.jpg,1536.0159504380156,863.6349118781711
Limnocythere_inopinata_260_dl_ext_w_SLS20-T19_x.jpg,1206.910932919244,765.506364057288
Limnocythere_inopinata_261_r_ext_w_SLS20-T19_x.jpg,1572.6340960312414,883.4585257347759
Limnocythere_inopinata_262_r_ext_j_SLS20-T19_x.jpg,1133.5298849170233,634.2188323095032
Limnocythere_inopinata_263_adult_l_ext_SLS20-T19_x_f.jpg,1085.8291762519555,548.3818385276398
Limnocythere_inopinata_264_juv_r_ext_SLS20-T19_x_f.jpg,1223.0134913401405,748.0048310812733
Limnocythere_inopinata_265_l_ext_w_SLS20-T19_x.jpg,1589.522255270432,874.3211964424838
Limnocythere_inopinata_268_r_ext_w_SLS20-T19_x.jpg,1003.8431152326543,678.8680319255446
Limnocythere_inopinata_27_juv_r_ext_SLS20-T21.jpg,989.9262598799974,554.5897934524459
Limnocythere_inopinata_28_r_ext_w_SLS20-T21_x.jpg,1417.6579277103485,760.6136705640552
Limnocythere_inopinata_29_juv_r_ext_SLS20-T21.jpg,1148.0357137301958,643.0923630425573
Limnocythere_inopinata_2_l_ext_w_SLS20-T21.jpg,1393.166537065831,748.3362342277788
Limnocythere_inopinata_30_l_ext_w_SLS20-T21.jpg,1433.971059680076,786.9817123448602
Limnocythere_inopinata_31_juv_r_ext_SLS20-T21.jpg,1141.421044137526,637.4834279928775
Limnocythere_inopinata_32_juv_l_ext_SLS20-T21_x.jpg,1304.7317732009135,860.6558244880596
Limnocythere_inopinata_33_l_ext_w_SLS20-T21.jpg,1523.6305326423462,851.2785561934273
Limnocythere_inopinata_34_juv_l_ext_SLS20-T21_x.jpg,1386.0598832662317,799.6111952885359
Limnocythere_inopinata_35_r_ext_w_SLS20-T21_x.jpg,1582.8000505433401,895.298177121961
Limnocythere_inopinata_36_juv_r_ext_SLS20-T21.jpg,1027.7402395547233,641.3099094821474
Limnocythere_inopinata_39_r_ext_w_SLS20-T21_x.jpg,1182.604752231277,661.625956198577
Limnocythere_inopinata_40_r_ext_j_SLS20-T21_x.jpg,1153.1600062437128,727.547777808284
Limnocythere_inopinata_41_r_ext_j_SLS20-T21_x.jpg,1132.7674077232273,674.7828325466454
Limnocythere_inopinata_42_l_ext_w_SLS20-T21.jpg,1415.3010280502167,823.9243644205319
Limnocythere_inopinata_45_r_ext_j_SLS20-T21_x.jpg,1304.954405333765,795.9810670429746
Limnocythere_inopinata_47_juv_r_ext_SLS20-T21_x.jpg,1459.3402618991913,825.3407594144767
Limnocythere_inopinata_48_r_ext_j_SLS20-T21.jpg,1067.0730996515656,609.4118577371504
Limnocythere_inopinata_49_l_ext_w_SLS20-T21_x.jpg,1359.5547065123933,737.7378749053354
Limnocythere_inopinata_4_l_ext_w_SLS20-T21.jpg,1111.8318218147922,624.0961864784507
Limnocythere_inopinata_50_r_ext_j_SLS20-T21.jpg,894.7860079370934,555.4355964347405
Limnocythere_inopinata_54_r_ext_w_SLS20-T21.jpg,1417.341878306007,805.05347190034
Limnocythere_inopinata_55_l_ext_w_SLS20-T17_x.jpg,1124.0733961801604,610.9912416163291
Limnocythere_inopinata_56_l_ext_w_SLS20-T17_x.jpg,1226.6397189069005,766.4459135872443
Limnocythere_inopinata_57_l_ext_w_SLS20-T17_x.jpg,1199.26060553993,675.3377841802487
Limnocythere_inopinata_58_r_ext_w_SLS20-T17_x.jpg,1196.5492050057949,710.4931384713783
Limnocythere_inopinata_59_r_ext_w_SLS20-T17_x.jpg,1468.9223941379612,946.5394533766048
Limnocythere_inopinata_5_r_ext_j_SLS20-T21_x.jpg,1107.8145151603674,691.8522816872908
Limnocythere_inopinata_60_r_ext_w_SLS20-T17_x.jpg,1200.9916735764657,705.727623802744
Limnocythere_inopinata_61_l_ext_w_SLS20-T17.jpg,1023.6767067780726,605.3151311318604
Limnocythere_inopinata_621_juv_r_ext_SLS20-A12_x.jpg,1080.0231479000809,652.3813877229837
Limnocythere_inopinata_62_l_ext_w_SLS20-T17_x.jpg,1571.338601320543,981.930310057502
Limnocythere_inopinata_63_l_ext_w_SLS20-T17_x.jpg,1226.762405684165,698.6813388057705
Limnocythere_inopinata_64_l_ext_w_SLS20-T17_x.jpg,1106.6223384696334,589.0329314167253
Limnocythere_inopinata_65_r_ext_w_SLS20-T17_x.jpg,1174.9404240215756,660.7152023443742
Limnocythere_inopinata_66_r_ext_w_SLS20-T17_x.jpg,1392.806160239105,753.3460361920511
Limnocythere_inopinata_67_l_ext_w_SLS20-T17_x.jpg,1114.4119525561453,754.2794189096343
Limnocythere_inopinata_68_adult_r_ext_w_SLS20-T17_x_f.jpg,1227.6958092296315,692.2903813879747
Limnocythere_inopinata_69_l_ext_w_SLS20-T17_x.jpg,1521.565641042147,839.0199972743992
Limnocythere_inopinata_70_r_ext_w_SLS20-T17_x.jpg,1035.495050688317,581.0650660281216
Limnocythere_inopinata_72_r_ext_w_SLS20-T17_x.jpg,1176.283129182766,665.5872047947677
Limnocythere_inopinata_74_l_ext_w_SLS20-T17_x.jpg,1591.9679645017986,891.8395543495221
Limnocythere_inopinata_7_r_ext_w_SLS20-T21.jpg,1231.052395310614,700.6590485390067
Limnocythere_inopinata_8_l_ext_w_SLS20-T21.jpg,1041.176738118942,587.2480411967786
Limnocythere_inopinata_93_l_ext_w_SLS20-T18.jpg,1174.523733263828,650.9693915467743
Limnocythere_inopinata_94_adult_dl_ext_w_SLS20-T18_f.jpg,1153.818876600656,622.5119163556523
Limnocythere_inopinata_95_adult_dl_ext_w_SLS20-T18.jpg,1206.8347028487374,629.5766919914562
Limnocythere_inopinata_96_r_ext_w_SLS20-T18_x.jpg,1190.1113393292242,697.7221143594977
Limnocythere_inopinata_97_l_ext_j_SLS20-T18.jpg,1453.884795986257,895.2724477162116
Limnocythere_inopinata_98_r_ext_w_SLS20-T18.jpg,1523.0669716069613,900.666238302485
Limnocythere_inopinata_99_l_ext_w_SLS20-T18_x.jpg,1557.1313367856933,878.2778739929889
Limnocythere_inopinata_9_juv_r_ext_SLS20-T21_f.jpg,1207.6576501641514,712.341779876994
Limnocytherina_sanctipatricii_151_juv_r_ext_w_SLS20-T18_f.jpg,1542.7358814780966,956.1591311318333
Limnocytherina_sanctipatricii_162_juv_l_ext_SLS20-T18_f.jpg,1100.65662220331,659.2055917926208
Limnocytherina_sanctipatricii_196_juv_r_ext_SLS20-T18_x.jpg,1336.5904383916563,760.491748858485
Limnocytherina_sanctipatricii_258_juv_r_ext_SLS20-T19_f.jpg,1110.8001620453608,637.8438032412412
Limnocytherina_sanctipatrii_215_r_ext_w_SLS20-T18.jpg,1524.2683490776813,838.6738468810461
Limnocytherina_sanctipatrii_216_r_ext_w_SLS20-T18.jpg,1231.101133132449,609.3723576479639
Limnocytherina_sanctipatrii_217_r_ext_w_SLS20-T18_x.jpg,1182.3455501671244,681.8827202301736
Limnocytherina_sanctipatrii_218_l_ext_w_SLS20-T18_x.jpg,1390.270836923511,729.3765884091468
Limnocytherina_sanctipatrii_219_r_ext_w_SLS20-T18_x.jpg,1356.6786649756086,711.4057476663806
Limnocytherina_sanctipatrii_220_r_ext_w_SLS20-T18_x.jpg,1482.1531634753542,822.1275844008017
Limnocytherina_sanctipatrii_221_adult_r_ext_w_SLS20-T18_x_f.jpg,1125.1457683340413,593.0369368832762
Limnocytherina_sanctipatrii_222_r_ext_w_SLS20-T18_x.jpg,1498.3544307005602,814.0377036357934
Limnocytherina_sanctipatrii_223_adult_r_ext_m_SLS20-T18.jpg,1380.0181158231221,667.6687714714723
Limnocytherina_sanctipatrii_224_l_ext_w_SLS20-T18_x.jpg,1098.075589383536,543.0737244006901
Limnocytherina_sanctipatrii_225_r_ext_w_SLS20-T18.jpg,1418.3123774401745,745.1870383501476
Limnocytherina_sanctipatrii_226_adult_r_ext_w_SLS20-T18.jpg,1227.66322743658,687.3212304011852
Limnocytherina_sanctipatrii_227_l_ext_w_SLS20-T18_x.jpg,1439.975694239316,773.1436054468395
Limnocytherina_sanctipatrii_228_r_ext_w_SLS20-T18_x.jpg,1532.0737580155858,848.5818604999397
Limnocytherina_sanctipatrii_229_adult_r_ext_w_SLS20-T18_x.jpg,1152.7970333063838,598.3941492471396
Limnocytherina_sanctipatrii_230_l_ext_w_SLS20-T18.jpg,1374.622129896067,781.1855903128748
Limnocytherina_sanctipatrii_231_dr_ext_w_SLS20-T18_x.jpg,1133.4381324095286,619.862681438486
Paralimnocythere_psammophila_16_l_ext_w_SLS20-T21_x.jpg,1529.3086673395924,841.8058613631899
Paralimnocythere_psammophila_18_l_ext_w_SLS20-T21_x.jpg,1390.922715322458,735.3995939040111
Paralimnocythere_psammophila_242_l_ext_w_SLS20-T21_f.jpg,1087.147644066803,632.3363746881818
Paralimnocythere_psammophila_245_l_ext_w_SLS20-T21_f.jpg,1394.793891583986,863.7821023375583
Paralimnocythere_psammophila_248_l_ext_w_SLS20-T21_x.jpg,1111.857005194463,654.9511282457013
Paralimnocythere_psammophila_249_l_ext_w_SLS20-T21_x.jpg,1441.4496175725324,826.1523576560784
Paralimnocythere_psammophila_24_l_ext_w_SLS20-T21_x.jpg,1473.73437226659,720.9460673472051
Paralimnocythere_psammophila_255_dl_ext_w_SLS20-T21_x.jpg,1045.4783594125706,581.1665009894555
Paralimnocythere_psammophila_256_dl_ext_w_SLS20-T21_x.jpg,1543.555959465027,830.3067939591849
Paralimnocythere_psammophila_25_l_ext_w_SLS20-T21.jpg,1141.739900327566,619.2469929422243
Paralimnocythere_psammophila_266_l_ext_m_SLS20-T21_x.jpg,1155.8901331874063,573.3581254582343
Paralimnocythere_psammophila_267_r_ext_w_SLS20-T21.jpg,1109.2601137695342,621.4187199587848
Paralimnocythere_psammophila_26_l_ext_w_SLS20-T21_x.jpg,1390.3398865025774,662.9594741172599
Paralimnocythere_psammophila_37_r_ext_m_SLS20-T21_x.jpg,1636.241119150842,954.7547618230848
Paralimnocythere_psammophila_38_l_ext_w_SLS20-T21_x.jpg,1456.3203631069641,843.8809420875566
Paralimnocythere_psammophila_3_r_ext_m_SLS20-T21.jpg,1373.8333232237453,697.112221555878
Paralimnocythere_psammophila_43_l_ext_m_SLS20-T21_x.jpg,1065.6425291813387,525.6274826327652
Paralimnocythere_psammophila_44_r_ext_m_SLS20-T21_x.jpg,1345.2999665502114,683.4312219286625
Paralimnocythere_psammophila_46_juv_l_ext_w_SLS20-T21_f.jpg,1096.7611408141702,566.995836065425
Paralimnocythere_psammophila_51_l_ext_w_SLS20-T21.jpg,1585.7884474292275,888.5983513654596
Paralimnocythere_psammophila_52_r_ext_w_SLS20-T21_x.jpg,1489.6835234371092,850.2940255910506
Paralimnocythere_psammophila_53_l_ext_w_SLS20-T21.jpg,1219.7233292841454,658.7764460253359
Paralimnocythere_psammophila_6_r_ext_w_SLS20-T21_x.jpg,1451.4892352339373,810.1823778324264
Paralimnocythere_psammophila_71_l_ext_w_SLS20-T21_x_f.jpg,1329.1959975865109,714.8772654486986
Paralimnocythere_psammophila_73_r_ext_w_SLS20-T21_x_f.jpg,1176.6265337820662,663.0506601719227
Paralimnocythere_psammophila_75_adult_dl_ext_m_SLS20-T18.jpg,1105.0221717232646,513.7227238750511
Paralimnocythere_psammophila_76_l_ext_m_SLS20-T18_x.jpg,1212.8120217082283,599.486966641326
Paralimnocythere_psammophila_77_r_ext_w_SLS20-T18.jpg,1551.5943413147652,964.889443159091
Paralimnocythere_psammophila_78_l_ext_w_SLS20-T18.jpg,1138.9433699706058,611.7670275546559
Paralimnocythere_psammophila_79_juv_dl_ext_w_SLS20-T18.jpg,1070.4849368393748,514.38743419014
Paralimnocythere_psammophila_80_adult_dr_ext_w_SLS20-T18.jpg,1492.0767406537775,775.5599752147843
Paralimnocythere_psammophila_81_adult_dr_ext_SLS20-T18_x.jpg,1074.352828450691,704.8438650196704
Paralimnocythere_psammophila_82_adult_dl_ext_m_SLS20-T18_f.jpg,1341.1222912173223,635.7757272277204
Paralimnocythere_psammophila_83_r_ext_w_SLS20-T18.jpg,1037.228036643823,583.5264557236787
Paralimnocythere_psammophila_84_adult_dr_ext_w_SLS20-T18.jpg,1381.5531115378808,832.8344313301138
Paralimnocythere_psammophila_85_adult_dr_ext_m_SLS20-T18.jpg,1029.6378003939055,508.06409768548775
Paralimnocythere_psammophila_86_l_ext_m_SLS20-T18_x.jpg,1391.6051882628205,831.1186317462656
Paralimnocythere_psammophila_87_r_ext_w_SLS20-T18.jpg,1129.2479798520783,666.7596607953445
Paralimnocythere_psammophila_88_adult_r_ext_m_SLS20-T18_x.jpg,1266.9846092198595,637.5412882855552
Paralimnocythere_psammophila_89_r_ext_w_SLS20-T18.jpg,1560.7927472922213,847.1477089407855
Paralimnocythere_psammophila_90_dl_ext_SLS20-T18_x_f.jpg,1114.5375722693245,626.0766952694371
Paralimnocythere_psammophila_91_dr_ext_SLS20-T18_x_f.jpg,1330.9083364379383,870.8060264329436
Paralimnocythere_psammophila_92_l_ext_w_SLS20-T18_x.jpg,1547.3364210797859,877.6255644860686
Potamocypris_eins_268_dl_ext_w_SLS20-T18_x.jpg,1321.4102315329635,843.7046826152023
Potamocypris_eins_269_r_ext_w_SLS20-T18.jpg,1116.5312355684457,716.7018481060173
Potamocypris_eins_270_l_ext_w_SLS20-T18.jpg,1415.9611576593477,888.7750862321063
Potamocypris_eins_271_r_ext_w_SLS20-T18.jpg,1069.9018646586237,674.787121929502
Potamocypris_eins_272_r_ext_w_SLS20-T18.jpg,1569.0028680662124,1006.6386952795216
Potamocypris_eins_273_r_ext_w_SLS20-T18.jpg,1466.187573266122,951.7008774611485
Potamocypris_eins_274_r_ext_w_SLS20-T18.jpg,1174.3159711082874,767.9006521123488
Potamocypris_eins_275_l_ext_w_SLS20-T18.jpg,1225.7773044072892,728.5475076011608
Potamocypris_eins_276_r_ext_j_SLS20-T18.jpg,1377.4196891289162,889.6206506057239
Potamocypris_eins_277_dl_ext_j_SLS20-T18_x.jpg,1148.7567192404142,799.4303620763462
Potamocypris_eins_278_l_ext_w_SLS20-T18.jpg,1535.034201573372,937.8996236854757
Potamocypris_eins_279_r_ext_w_SLS20-T18.jpg,1592.3498359343025,1048.5183358092718
Potamocypris_eins_281_r_ext_w_SLS20-T18.jpg,1471.8186029535025,1008.8199707630055
Potamocypris_eins_282_r_ext_j_SLS20-T18.jpg,1117.7879942099933,724.5327416245739
Potamocypris_eins_283_r_ext_w_SLS20-T18.jpg,1263.7697575112327,802.1057585649572
Potamocypris_eins_284_r_ext_w_SLS20-T18.jpg,1237.7697685757234,789.2477460684042
Potamocypris_eins_285_l_ext_w_SLS20-T18.jpg,1510.5830000367407,948.3351791759588
Potamocypris_eins_286_r_ext_w_SLS20-T18.jpg,1185.7596721089817,796.6192662969761
Potamocypris_eins_287_l_ext_w_SLS20-T18.jpg,996.965897109826,572.130904029474
Potamocypris_eins_288_dl_ext_j_SLS20-T18.jpg,1327.4162873793587,677.1304590321969
Potamocypris_eins_289_l_ext_w_SLS20-T18.jpg,1391.8570328880764,868.4189334388315
Potamocypris_eins_290_l_ext_w_SLS20-T18_x.jpg,1373.0120174273786,843.1943677879964
Potamocypris_eins_291_r_ext_w_SLS20-T18.jpg,1371.1181568340492,869.5465041123379
Potamocypris_eins_292_r_ext_j_SLS20-T18.jpg,1419.5002641775027,909.0417469895184
Potamocypris_eins_293_r_ext_w_SLS20-T18.jpg,985.0,647.8832487309644
Potamocypris_eins_294_dl_ext_j_SLS20-T18_x.jpg,1110.5070913776283,577.8369224134854
Potamocypris_eins_295_r_ext_w_SLS20-T18.jpg,1512.8003833949806,903.3888509024645
Potamocypris_eins_296_l_ext_w_SLS20-T18.jpg,1224.060864499801,775.6191113813317
Potamocypris_eins_297_r_ext_w_SLS20-T18.jpg,1492.710956615513,958.0287420428904
Potamocypris_eins_298_r_ext_w_SLS20-T18.jpg,1099.3206993411886,703.5926827026317
Potamocypris_eins_299_l_ext_j_SLS20-T18.jpg,1105.0221717232646,695.3579934072402
Potamocypris_eins_300_r_ext_j_SLS20-T18.jpg,1101.2329453843995,735.2504330656127
Potamocypris_eins_301_l_ext_w_SLS20-T18_x.jpg,1465.0658688263816,903.7866680087911
Potamocypris_eins_302_dl_ext_w_SLS20-T18.jpg,1276.8656937986862,844.5007217572014
Potamocypris_eins_303_l_ext_j_SLS20-T18.jpg,1543.9203347323332,923.0592848218894
Potamocypris_eins_304_l_ext_j_SLS20-T18.jpg,1101.4472297845232,735.510497546474
Potamocypris_eins_305_r_ext_j_SLS20-T18.jpg,1114.8026731220193,669.2565581230336
Potamocypris_eins_306_l_ext_j_SLS20-T18_x.jpg,1538.2538802161364,1099.8997121088157
Potamocypris_eins_307_r_ext_j_SLS20-T18_x.jpg,1238.1058113101642,826.2767129066633
Potamocypris_eins_308_l_ext_j_SLS20-T18.jpg,1503.8035111011013,885.5179484352677
Potamocypris_eins_309_dr_ext_j_SLS20-T18_x.jpg,1180.0699131831132,675.1659296616339
Potamocypris_eins_310_dr_ext_w_SLS20-T18_x.jpg,1348.1724667118817,810.3451353405183
Potamocypris_eins_311_r_ext_j_SLS20-T18.jpg,1146.930686658963,740.7247969576862
Potamocypris_eins_312_dr_ext_j_SLS20-T18.jpg,1237.2138052899345,793.5394802436156
Potamocypris_eins_314_dl_ext_w_SLS20-T18.jpg,1176.7285158438203,667.4878609844517
Potamocypris_eins_315_r_ext_j_SLS20-T18.jpg,1527.535596966565,905.1461731862105
Potamocypris_eins_316_dr_ext_w_SLS20-T18_x.jpg,1385.6673482477677,861.231955497168
Potamocypris_eins_317_dr_ext_w_SLS20-T18.jpg,1275.901641977155,759.5217124247192
Potamocypris_similis_557_adult_r_ext_j_SLS20-M1.jpg,1513.9834873604136,840.826211532488
Potamocypris_villosa_280_adult_r_ext_w_SLS20-T18.jpg,1161.1554590148555,734.5640012093228
Potamocypris_villosa_313_adult_l_ext_w_SLS20-T18.jpg,1144.070802004841,715.5186537105037
Potamocypris_villosa_318_adult_l_ext_w_SLS20-T18_x.jpg,1086.3539938712427,715.4362246419996
Pseudocandona_compressa_543_adult_r_ext_SLS20-M1.jpg,1559.7929349756653,936.5941896786397
Pseudocandona_compressa_544_juv_r_ext_SLS20-M1.jpg,1051.3919345325035,598.9174724647205
Pseudocandona_compressa_548_adult_l_ext_SLS20-M1.jpg,1171.3283058135323,770.2767836497857
Pseudocandona_marchica_554_juv_l_ext_SLS20-M1_f.jpg,1588.258480222914,975.674312019105
Unbekannt_234_l_ext_SLS20_T19.jpg,1291.773974037254,674.7991657361425
Unbekannt_383_l_ext_j_SLS20_T18.jpg,974.7804881100154,725.5182152560504
